MANEUVER;Maneuver Date;Maneuver Type;Delta Vr Theory;Delta Vt Theory;Delta Vn Theory;Thruster Coefficient Theory;Epoch BM;Semi Major Axis BM;Eccentricity  BM;Inclination BM;RAAN BM;Arg Of Perigee BM;Mean Anomally BM;Total Propellant;Fuel Consumed;Epoch AM;Semi Major Axis AM ;Eccentricity  AM;Inclination AM;RAAN AM;Arg Of Perigee AM;Mean Anomally AM;Delta Vr Ranging;Delta Vt Ranging ;Delta Vn Ranging;Thruster Coefficient Ranging
1;14/5/2014 16:57;South_SKM001;0.138;0;-2.709;0.85;11/5/2014 11:00;42164467.42;0.000367;0.080717;70.361349;340.28196;256.149984;883.999977;3.069;14/5/2014 18:00;42167130.98;0.000448;0.049142;99.285781;316.57214;359.18953;0.006;0.011;-2.902;0.911
2;10/6/2014 18:01;South_SKM001;0.186;0;-3.667;0.85;7/6/2014 13:00;42166418.41;0.000376;0.110094;87.012208;331.140457;305.350875;879.511156;4.146;10/6/2014 19:00;42166694.56;0.000419;0.044617;88.898663;338.765736;29.02768;0.003;0.018;-3.924;0.91
3;30/6/2014 17:20;South_SKM001;0.14;0;-2.765;0.85;27/6/2014 13:00;42164783.39;0.00029;0.096526;86.110911;9.647018;287.440366;876.078223;3.162;30/6/2014 18:30;42167149.3;0.000344;0.050884;85.863877;12.534736;10.476171;0.025;0.009;-2.998;0.921
4;2/8/2014 15:56;South_SKM001;0.216;0;-4.251;0.85;29/7/2014 17:00;42165434.04;0.00032;0.124241;93.274961;41.982082;339.605837;870.892249;4.606;2/8/2014 18:00;42165245.57;0.000316;0.04577;78.170039;56.426789;359.276567;0.013;0.014;-4.59;0.918
5;16/9/2014 12:29;South_SKM000;0.2;0;-3.929;0.85;13/9/2014 13:00;42164647.09;0.000304;0.119701;93.564251;87.796029;278.690513;866.032146;4.27;16/9/2014 14:00;42165709.28;0.000333;0.047456;87.688842;91.050073;299.323494;0.004;-0.003;-4.263;0.922
6;5/11/2014 06:59;South_SKM001;0.211;0;-4.156;0.85;2/11/2014 13:00;42166125.6;0.000429;0.120991;80.103621;129.307145;299.947864;860.822756;4.553;5/11/2014 08:00;42165385.38;0.000365;0.048636;106.396933;120.009214;210.695749;0.036;0.003;-4.552;0.931
7;1/12/2014 06:16;South_SKM001;0.163;0;-3.202;0.92;28/11/2014 16:00;42165133.74;0.000369;0.10661;86.286537;140.151818;353.677681;857.187035;3.188;1/12/2014 07:00;42164895.42;0.000402;0.053149;96.632207;138.245714;212.815168;0.046;-0.009;-3.193;0.917
8;21/12/2014 05:46;South_SKM001;0.149;0;-2.931;0.92;18/12/2014 13:00;42165779.08;0.000377;0.097591;87.221046;163.352071;304.116413;853.858425;2.923;21/12/2014 07:00;42166411.43;0.000247;0.054175;81.943479;168.839984;216.619829;0.03;0.045;-2.932;0.92
9;16/1/2015 04:47;South_SKM001;0.197;0;-3.878;0.92;13/1/2015 13:00;42165978.22;0.000323;0.117381;90.876356;179.533317;309.908259;849.530402;3.811;16/1/2015 06:00;42165328.03;0.000262576;0.055257;78.069981;203.925222;195.997548;0.027;-0.012;-3.827;0.908
10;13/2/2015 03:31;South_SKM001;0.18;0;-3.551;0.92;10/2/2015 13:00;42165144.36;0.000258;0.112181;93.978039;204.188464;309.745066;845.585143;3.497;13/2/2015 05:00;42165023.56;0.00023;0.057118;75.946377;232.434229;182.17255;0.03;-0.011;-3.517;0.911
11;6/4/2015 22:18;South_SKM000;0.213;0;-4.19;0.92;4/4/2015 13:00;42164413.33;0.000214;0.130724;89.984618;281.185738;288.978217;840.883876;4.208;7/4/2015 00:00;42164630.32;0.000218;0.054965;97.38927;271.08782;99.093077;0.02;0.002;-4.238;0.931
12;15/5/2015 18:50;South_SKM001;0.212;0;-4.175;0.92;12/5/2015 15:00;42165857.32;0.000182;0.12523;81.888105;321.712263;324.071097;836.067581;4.115;15/5/2015 21:00;42164529.5;0.000147;0.056291;97.69511;305.337031;57.853099;0.026;0.014;-4.152;0.915
13;9/6/2015 18:06;South_SKM001;0.177;0;-3.479;0.92;6/6/2015 13:00;42164892.06;0.000191;0.114571;85.527719;11.651836;265.077889;832.114683;3.437;9/6/2015 19:00;42165492.15;0.000202;0.057329;92.335484;14.013986;349.106293;0.019;0.01;-3.473;0.918
14;3/7/2015 17:27;South_SKM001;0.174;0;-3.416;0.92;30/6/2015 14:00;42166000.39;0.000284;0.111387;87.135798;13.854089;299.970497;828.230876;3.342;3/7/2015 19:00;42167735.75;0.000327;0.062649;80.980169;31.452958;6.674443;0.022;0.013;-3.382;0.911
15;24/7/2015 16:40;South_SKM001;0.149;0;-2.931;0.92;21/7/2015 13:00;42165419.16;0.00018;0.104381;91.469736;14.060162;301.080778;824.895717;2.885;24/7/2015 18:00;42165645.77;0.00023;0.057489;78.663959;35.762911;10.339727;0.009;0.007;-2.923;0.918
16;28/8/2015 14:33;South_SKM000;0.2;0;-3.943;0.92;25/8/2015 13:00;42165708.55;0.00028;0.123302;93.422777;54.094295;293.578548;820.463438;3.88;28/8/2015 16:00;42166834.84;0.000349;0.06197;81.731839;77.73536;329.720361;0.025;0.006;-3.936;0.918
17;16/10/2015 09:16;South_SKM001;0.188;0;-3.703;0.92;13/10/2015 13:00;42164428.03;0.000273;0.121094;87.552184;120.368449;281.484167;816.162216;3.719;16/10/2015 10:00;42166055.64;0.000207;0.056557;96.066737;101.567587;249.598483;0.028;0.005;-3.779;0.939
18;20/11/2015 06:36;South_SKM001;0.201;0;-3.964;0.92;17/11/2015 18:00;42164590.93;0.000283;0.125144;81.62543;156.737366;0.698879;811.59592;3.846;20/11/2015 07:00;42164256.26;0.000308;0.06142;97.598429;140.779967;198.20355;0.02;-0.005;-3.914;0.908
19;17/12/2015 05:52;South_SKM001;0.202;0;-3.966;0.92;14/12/2015 18:00;42166075.89;0.00034;0.126294;85.868917;174.761954;5.063348;807.104616;3.883;17/12/2015 07:00;42165613.46;0.000304643;0.059609;89.003403;159.020677;215.177985;0.014;-0.002;-3.958;0.918
20;13/1/2016 04:54;South_SKM001;0.205;0;-4.032;0.92;10/1/2016 18:00;42167330.69;0.000227;0.128698;88.322956;190.14246;13.861608;802.350447;3.853;13/1/2016 06:00;42166108.81;0.000155;0.062997;84.603522;160.397854;229.78539;0.036;-0.019;-3.934;0.898
21;12/2/2016 03:58;South_SKM001;0.209;0;-4.119;0.92;10/2/2016 13:00;42164178.29;0.000132;0.12949;98.498486;202.085092;307.088263;797.771778;4.039;12/2/2016 05:00;42165301.03;0.000195;0.05999;79.776759;197.988738;211.547793;0.023;-0.012;-4.131;0.923
22;1/4/2016 23:01;South_SKM000;0.191;0;-3.763;0.92;29/3/2016 15:00;42164971.91;0.000152;0.126815;90.865369;279.519535;314.68369;793.504739;3.676;2/4/2016 00:00;42165988.7;0.00013;0.064782;92.749285;301.442659;69.201869;0.018;-0.007;-3.766;0.921
23;12/5/2016 19:15;South_SKM001;0.215;0;-4.232;0.92;9/5/2016 17:00;42165400.46;0.000145;0.131163;80.827922;314.491572;0.239716;788.606939;4.144;12/5/2016 20:00;42166106.46;0.000154;0.064434;92.587762;301.957957;49.096835;0.045;0.02;-4.252;0.924
24;3/6/2016 18:30;South_SKM001;0.147;0;-2.89;0.92;31/5/2016 18:00;42165340.22;0.000133;0.105666;87.745501;345.36976;359.154942;785.272392;2.819;3/6/2016 19:00;42166950.18;0.000179;0.059104;87.191994;341.233607;21.830124;0.028;0.013;-2.897;0.922
25;22/6/2016 18:00;South_SKM001;0.142;0;-2.795;0.92;20/6/2016 13:00;42164818.94;0.000209;0.108418;86.765615;7.033236;282.980992;782.055584;2.783;22/6/2016 19:00;42167430.26;0.00027;0.064624;81.057313;16.981386;10.954333;0.031;0.014;-2.864;0.943
26;14/7/2016 17:08;South_SKM001;0.155;0;-3.05;0.92;12/7/2016 13:00;42166208.81;0.000199;0.110916;90.586785;348.523076;319.350789;778.551899;2.955;14/7/2016 18:00;42166179.31;0.000221;0.06342;79.38652;13.056415;23.188694;0.017;0.013;-3.044;0.918
27;8/8/2016 16:07;South_SKM001;0.171;0;-3.37;0.92;6/8/2016 10:00;42166392.2;0.000078;0.11949;94.760641;39.62166;243.607506;774.745965;3.296;8/8/2016 17:00;42165873.51;0.000162;0.06335;78.637031;68.888546;337.715892;0.011;0.011;-3.4;0.928
28;20/9/2016 12:27;South_SKM000;0.197;0;-3.875;0.92;17/9/2016 16:00;42166208.19;0.000292;0.129765;96.484334;95.459656;317.677934;780.051255;3.791;20/9/2016 13:00;42164647.07;0.0002;0.059362;89.61526;119.657262;258.169174;0.004;-0.006;-3.917;0.93
29;28/10/2016 08:04;South_SKM000;0.158;0;-3.113;0.92;25/10/2016 17:00;42166168.22;0.000264;0.117486;86.554917;142.940964;332.612193;775.387315;3.007;28/10/2016 09:00;42165119.61;0.000226;0.065157;99.831312;151.318949;193.578784;0.027;0.001;-3.111;0.919
30;1/12/2016 06:30;South_SKM001;0.214;0;-4.217;0.92;28/11/2016 16:00;42166522.77;0.000315;0.132558;84.257185;175.693339;320.623191;770.683313;4.011;1/12/2016 08:00;42166454.21;0.000180938;0.064237;86.099568;183.664305;193.441509;0.2;0.04;-4.151;0.906
31;21/12/2016 05:55;South_SKM001;0.163;0;-3.206;0.92;18/12/2016 17:00;42165217.14;0.00035;0.118095;88.538244;198.53689;328.263699;768.973896;3.082;21/12/2016 07:00;42165259.33;0.000316;0.063496;87.247826;200.611992;180.019962;0.017;-0.005;-3.199;0.918
32;18/1/2017 05:02;South_SKM001;0.215;0;-4.236;0.92;11/1/2017 23:00;42163848.93;0.000366;0.126021;90.164014;199.244452;79.811085;762.360789;4.085;18/1/2017 06:00;42165105.2;0.000328;0.06596;81.235435;221.978964;177.22506;0.023;-0.01;-4.245;0.922
33;22/2/2017 03:19;South_SKM000;0.214;0;-4.215;0.92;19/2/2017 17:00;42165412.89;0.000325;0.133776;96.815779;229.386614;351.216598;748.870565;4.052;22/2/2017 05:00;42166479.79;0.000252;0.069768;76.918361;259.11253;163.851651;0.01;-0.001;-4.218;0.921
34;10/4/2017 22:02;South_SKM000;0.191;0;-3.76;0.92;8/4/2017 13:00;42165412.52;0.00034;0.134831;90.513598;268.244066;305.815081;744.539212;4.168;10/4/2017 23:00;42164538.07;0.000331;0.065719;98.479328;259.473614;98.989701;0.046;-0.004;-3.817;0.934
35;17/5/2017 19:18;South_SKM001;0.197;0;-3.883;0.92;14/5/2017 17:00;42165874.59;0.00029;0.131535;83.599287;319.528684;357.089499;740.066324;4.298;17/5/2017 20:00;42166958.59;0.000278;0.069417;90.867572;317.904593;39.52005;0.094;0.029;-3.892;0.922
36;6/6/2017 18:40;South_SKM001;0.146;0;-2.868;0.92;3/6/2017 13:00;42166351.28;0.000326;0.111604;89.440149;302.141221;328.19318;736.74793;3.169;6/6/2017 19:15;42166755.4;0.000339;0.063721;87.030876;317.387372;52.306137;0.031;0.023;-2.889;0.927
37;4/7/2017 17:34;South_SKM001;0.208;0;-4.09;0.92;1/7/2017 11:00;42166149.49;0.000238;0.134317;91.316477;329.221476;296.749344;732.088163;4.513;4/7/2017 18:30;42166673.52;0.000279;0.067085;80.558027;356.635627;35.849325;0.029;0.027;-4.077;0.917
38;3/8/2017 16:27;South_SKM001;0.211;0;-4.159;0.92;31/7/2017 19:00;42164718.62;0.000211;0.13496;94.740508;14.876106;37.535744;727.352693;4.581;3/8/2017 18:00;42166497.78;0.000278;0.072628;75.824559;36.373091;22.883311;0.02;0.027;-4.182;0.925
39;13/9/2017 13:33;South_SKM000;0.213;0;-4.19;0.92;10/9/2017 17:00;42165110.23;0.000186;0.1361;97.538381;72.39958;347.586589;722.554551;4.607;13/9/2017 15:00;42165485.19;0.000158;0.068341;81.601242;72.474994;336.324283;0.002;-0.003;-4.231;0.929
40;2/11/2017 08:03;South_SKM000;0.219;0;-4.316;0.92;30/10/2017 17:00;42165957.61;0.000202;0.142914;85.933333;112.985684;7.888086;717.565767;4.737;2/11/2017 09:00;42164671.68;0.000161;0.067636;99.247349;139.648622;210.534212;0.049;0.003;-4.338;0.925
41;24/11/2017 07:09;South_SKM001;0.138;0;-2.724;0.92;21/11/2017 17:00;42165983.39;0.000179;0.112332;86.507568;167.1748;334.806938;714.451796;2.986;24/11/2017 08:00;42166499.73;0.000093;0.07055;89.251108;149.096548;217.727746;0.025;0.004;-2.744;0.927
42;19/12/2017 06:08;South_SKM001;0.192;0;-3.778;0.92;16/12/2017 17:00;42167113.44;0.000234;0.130232;87.602935;190.136007;335.390774;710.215092;4.135;19/12/2017 07:00;42167287.47;0.000099;0.070252;81.431582;227.813125;156.426035;0.028;0.007;-3.804;0.926
43;16/1/2018 05:11;South_SKM001;0.221;0;-4.359;0.92;13/1/2018 17:00;42166289.53;0.000259;0.141959;91.637539;211.839694;337.21585;705.332148;4.133;16/1/2018 06:00;42166863.84;0.000143;0.074701;77.243767;254.736337;146.230122;0.017;0.006;-4.372;0.923
44;16/2/2018 03:43;South_SKM000;0.214;0;-4.206;0.92;13/2/2018 17:00;42166878.68;0.000318;0.14085;95.964634;237.146346;338.153343;700.077422;3.94;16/2/2018 12:00;42164533.01;0.000245;0.074003;82.269627;264.038308;252.706512;0.012;0.001;-4.183;0.915
45;29/3/2018 23:45;South_SKM000;0.18;0;-3.536;0.92;27/3/2018 13:00;42165761.4;0.000371;0.136256;94.416456;261.204629;296.870593;696.045662;3.388;30/3/2018 01:00;42164536.99;0.000307;0.071887;95.58051;263.212377;116.163452;0.026;-0.007;-3.597;0.936
46;7/5/2018 20:02;South_SKM000;0.186;0;-3.67;0.92;5/5/2018 13:00;42165436.3;0.000303;0.13604;85.133377;309.770852;296.023784;691.803264;3.505;7/5/2018 21:00;42165911.76;0.000324;0.073583;92.198108;312.710694;48.319292;0.051;0.002;-3.727;0.934
47;7/6/2018 18:33;South_SKM001;0.213;0;-4.194;0.92;4/6/2018 18:00;42165356.9;0.000313;0.143793;87.414737;331.595364;16.697982;687.070944;3.973;7/6/2018 20:00;42165415.05;0.000279;0.070666;90.530431;325.259862;52.957136;0.04;0.01;-4.232;0.928
48;5/7/2018 17:40;South_SKM001;0.217;0;-4.267;0.92;2/7/2018 17:00;42165141.24;0.000287;0.14472;91.921042;0.710811;355.625061;682.28433;4.019;5/7/2018 19:00;42165645.45;0.000253;0.07175;84.623846;9.665713;27.016679;0.029;0.018;-4.288;0.925
49;27/7/2018 17:02;South_SKM001;0.162;0;-3.188;0.92;24/7/2018 17:00;42166625.59;0.000327;0.123067;91.48446;14.87077;3.596848;678.726965;3.005;27/7/2018 18:00;42167239.85;0.000337;0.080043;78.138613;37.038997;12.771167;0.018;0.007;-3.212;0.927
50;31/8/2018 14:50;South_SKM000;0.215;0;-4.229;0.92;28/8/2018 17:00;42165917.17;0.000283;0.142758;98.714588;45.636468;0.096727;674.011135;4.025;31/8/2018 16:00;42164828.73;0.000205;0.071024;80.699174;67.367067;344.304093;0.007;0.003;-4.308;0.937
51;19/10/2018 09:38;South_SKM000;0.208;0;-4.088;0.92;16/10/2018 17:00;42165305.26;0.000192;0.147046;89.338302;98.086955;5.326704;669.360501;3.903;19/10/2018 11:00;42165654.57;0.000183;0.075311;95.35294;96.681373;273.429745;0.061;0.008;-4.184;0.942
52;14/11/2018 07:40;South_SKM000;0.145;0;-2.856;0.92;11/11/2018 17:00;42165790.03;0.000174;0.120142;86.533766;148.776548;343.07448;666.115147;2.694;14/11/2018 09:00;42166258.01;0.000125;0.075752;91.105958;128.818866;241.08167;0.036;-0.003;-2.893;0.932
53;11/12/2018 06:26;South_SKM001;0.199;0;-3.921;0.92;8/12/2018 17:00;42166730.23;0.000227;0.139134;86.557065;184.300874;334.139339;661.776164;3.672;11/12/2018 08:00;42166710.49;0.000107;0.076308;85.506919;184.063935;203.006727;0.038;-0.006;-3.949;0.927
54;5/1/2019 05:41;South_SKM001;0.205;0;-4.03;0.92;2/1/2019 18:00;42166242.67;0.000241;0.139508;90.83299;203.015239;350.81988;657.343637;3.771;5/1/2019 07:00;42166402.88;0.000156;0.076967;79.257124;241.187103;161.728232;0.038;-0.015;-4.062;0.927
55;30/1/2019 04:49;South_SKM001;0.196;0;-3.851;0.92;27/1/2019 17:00;42165030.33;0.000271;0.135585;95.521434;232.800527;325.934011;653.143405;3.604;30/1/2019 06:00;42165449.51;0.00026;0.077168;76.940599;261.823374;152.992493;0.03;-0.015;-3.888;0.929
56;7/3/2019 02:12;South_SKM000;0.211;0;-4.143;0.92;4/3/2019 10:00;42164578.76;0.00029;0.146832;97.41378;263.568357;223.465585;648.5532909;3.857;7/3/2019 03:00;42165300.36;0.000254;0.075061;87.536361;264.924624;129.662624;0.015;-0.011;-4.168;0.926
57;24/4/2019 21:19;South_SKM000;0.213;0;-4.184;0.92;22/4/2019 15:00;42164663.69;0.000345;0.148378;88.614074;310.328275;308.995468;643.7797366;3.963;24/4/2019 22:00;42166112.71;0.000378;0.07621;90.349731;311.451525;53.39594;0.074;-0.001;-4.29;0.943
58;24/5/2019 19:15;South_SKM001;0.187;0;-3.676;0.92;21/5/2019 18:00;42166414.99;0.000395;0.137623;85.432164;333.019479;3.194186;639.6320494;3.426;24/5/2019 20:00;42166629.12;0.000373;0.079438;89.011813;331.930739;33.741187;0.058;0.016;-3.715;0.93
59;19/6/2019 18:21;South_SKM001;0.195;0;-3.846;0.92;16/6/2019 18:00;42166834.2;0.000411;0.139173;88.586724;342.942589;15.744949;635.3208158;3.536;22/6/2019 13:00;42164824.37;0.00031;0.089272;86.52496;349.27478;302.162273;0.05;0.017;-3.84;0.919
60;15/7/2019 17:21;South_SKM001;0.21;0;-4.142;0.92;10/7/2019 18:00;42164909.66;0.000311;0.137337;92.678561;355.010527;23.227401;630.7283157;3.843;15/7/2019 19:00;42166755.53;0.000385;0.081418;78.267014;19.980045;32.645032;0.044;0.009;-4.181;0.929
61;14/8/2019 15:59;South_SKM000;0.179;0;-3.514;0.92;11/8/2019 15:00;42166398.74;0.000337;0.146008;94.568138;28.999738;333.787975;626.1522191;3.879;14/8/2019 17:00;42167276.49;0.000357;0.085057;79.226192;52.453582;358.717476;0.015;-0.005;-3.655;0.957
62;17/9/2019 13:13;South_SKM000;0.2;0;-3.937;0.92;4/3/2019 10:00;42164578.76;0.00029;0.146832;97.41378;263.568357;223.465585;626.0221861;3.347;7/3/2019 03:00;42165300.36;0.000254;0.075061;87.536361;264.924624;129.662624;0.065;0;-4.023;0.94
63;30/10/2019 08:39;South_SKM000;0.2;0;-3.937;0.92;27/10/2019 15:00;42166346.63;0.000283;0.142602;89.331105;113.483712;330.437113;617.7439431;3.679;30/10/2019 10:00;42165960.32;0.000161;0.074919;92.870953;94.273419;273.841634;0.029;0.038;-0.021;0.94
64;22/11/2019 07:14;South_SKM001;0.15;0;-2.952;0.92;19/11/2019 13:00;42166379.85;0.000229;0.127828;88.570347;144.95145;292.322823;614.4438081;2.734;22/11/2019 09:00;42164574.2;0.000234;0.077418;95.15352;160.659972;212.814335;0.042;-0.008;-2.995;0.933
65;16/12/2019 06:27;South_SKM001;0.187;0;-3.674;0.92;13/12/2019 13:00;42164436.75;0.000266;0.138504;88;184;277.338812;610.3996896;3.387;16/12/2019 08:00;42166674.35;0.000208;0.081994;85.759457;178.699827;212.783355;0.044;-0.008;-3.715;0.93
66;13/1/2020 05:22;South_SKM001;0.237;0;-4.662;0.92;8/1/2020 17:00;42166904.98;0.000357;0.149248;90.99996;203.631838;340.657353;605.3441122;4.271;13/1/2020 07:02;42167081.76;0.000232;0.085834;81.304297;224.670561;184.379127;0.045;-0.016;-4.692;0.926
67;3/2/2020 04:42;South_SKM001;0.157;0;-3.084;0.92;29/1/2020 02:00;42164843.84;0.00026;0.124699;94.134595;228.701557;288.020616;601.9794808;2.832;3/2/2020 06:00;42165225.38;0.00031;0.08098;78.844888;247.099427;169.502883;0.033;-0.013;-3.117;0.93
68;6/3/2020 02:21;South_SKM000;0.192;0;-3.786;0.92;3/3/2020 13:00;42165821.53;0.000327;0.141055;95.190004;243.26025;290.863466;597.8270325;3.472;6/3/2020 04:00;42166436.3;0.000277;0.084271;82.159601;275.28971;139.458587;0.025;-0.013;-3.832;0.931
69;13/4/2020 22:01;South_SKM000;0.179;0;-3.524;0.92;11/4/2020 13:00;42164648;0.000304;0.140952;89.220949;302.264915;276.26778;593.9102498;3.24;13/4/2020 23:00;42166018.81;0.000359;0.082825;91.355595;305.863389;62.918756;0.06;-0.005;-3.576;0.934
70;12/5/2020 19:56;South_SKM000;0.168;0;-3.311;0.92;9/5/2020 20:00;42166658.06;0.000418;0.13438;86.495334;325.653337;28.48799;590.1795328;3.03;12/5/2020 21:00;42166615.27;0.00039;0.084671;89.669015;325.74674;43.223124;0.062;0.015;-3.349;0.931
71;21/6/2020 18:14;South_SKM001;0.087;0;-1.714;0.92;18/6/2020 20:00;42165228.45;0.000322;0.10511;87.320976;338.159622;54.58296;583.6567505;1.606;21/6/2020 20:00;42166737.66;0.000353;0.084624;85.520043;346.444334;51.059318;0.027;0.006;-1.781;0.956
72;15/7/2020 17:23;South_SKM001;0.199;0;-3.907;0.92;12/7/2020 21:00;42165968.93;0.000274;0.146378;94.492541;9.934322;54.340731;579.433676;3.569;15/7/2020 19:00;42166084.22;0.000281;0.082385;81.891098;11.156127;38.581625;0.05;0.021;-3.961;0.933
73;14/8/2020 15:57;South_SKM001;0.215;0;-4.24;0.92;11/8/2020 15:00;42165293.49;0.000243;0.150796;96.829364;16.758297;344.504783;574.8441754;3.881;14/8/2020 17:00;42166508.36;0.000274;0.088035;78.706975;36.185111;16.243677;0.038;0.018;-4.315;0.936
74;19/9/2020 12:44;South_SKM000;0.199;0;-3.916;0.92;16/9/2020 15:00;42165946.99;0.000259;0.151969;96.554933;79.002088;318.022194;570.46315;3.576;19/9/2020 14:00;42163811.7;0.000182;0.079103;92.700547;87.317719;301.475809;0.011;-0.008;-3.983;0.936
75;24/10/2020 09:14;South_SKM000;0.166;0;-3.268;0.92;21/10/2020 21:00;42166383.05;0.000231;0.139737;88.676542;119.40366;50.2399;566.8222883;3.011;24/10/2020 10:00;42165756.6;0.000204;0.086123;93.330497;100.32393;262.16765;0.058;-0.002;-3.359;0.946
76;12/11/2020 07:40;South_SKM000;0.114;0;-2.241;0.92;9/11/2020 21:00;42165126.2;0.000223;0.120563;90.355146;159.231101;27.462693;564.3066142;2.061;12/11/2020 09:00;42164526.02;0.000229;0.082696;98.490037;159.347326;201.663947;0.04;-0.001;-2.302;0.945
77;2/12/2020 06:57;South_SKM001;0.146;0;-2.864;0.92;29/11/2020 17:00;42166833.97;0.000321;0.127805;88.635853;167.780815;340.171601;561.1412184;2.624;4/12/2020 23:00;42166070.78;0.000302;0.095266;88.579958;187.384798;55.7988;0.042;-0.005;-2.934;0.943
78;26/12/2020 05:58;South_SKM001;0.208;0;-4.09;0.92;22/12/2020 17:00;42165486.9;0.000241;0.149722;92.109352;183.145532;344.009273;556.6904877;3.699;26/12/2020 07:00;42165506.5;0.00025;0.081408;85.245465;210.358091;177.182787;0.051;-0.012;-4.142;0.932
79;19/1/2021 05:00;South_SKM001;0.213;0;-4.201;0.92;16/1/2021 16:00;42165016.04;0.000245;0.157038;94.103883;219.100124;315.661635;552.2213732;3.896;19/1/2021 06:00;42165236.75;0.000244;0.082025;85.853416;220.594197;174.959073;0.057;-0.015;-4.37;0.957
80;12/2/2021 04:13;South_SKM001;0.175;0;-3.437;0.92;9/2/2021 17:00;42167050.22;0.000331;0.14116;94.819274;233.873443;338.865875;548.6098748;3.118;12/2/2021 06:00;42166968.2;0.000188;0.090997;82.326189;258.83251;163.903579;0.031;-0.01;-3.504;0.938
81;23/3/2021 00:35;South_SKM000;0.197;0;-3.873;0.92;20/3/2021 17:00;42165306.99;0.000307;0.151921;94.54135;262.327889;349.119274;544.3198068;3.493;23/3/2021 02:00;42166168.61;0.000275;0.087444;87.830817;279.35759;116.142776;0.029;-0.011;-3.93;0.934
82;30/4/2021 20:34;South_SKM000;0.205;0;-4.028;0.93;28/4/2021 13:00;42163979.09;0.000305;0.153568;87.529946;317.510626;279.216429;539.8400048;3.644;30/4/2021 22:00;42166163.32;0.000362;0.087902;91.127652;313.108931;57.362112;0.085;-0.004;-4.107;0.948
83;20/5/2021 19:35;South_SKM001;0.139;0;-2.732;0.94;18/5/2021 13:00;42165758.8;0.000292;0.134229;89.263778;302.176807;312.536711;536.8979314;2.449;20/5/2021 21:00;42165436.42;0.000293;0.088016;93.254662;309.080113;63.944913;0.062;0.014;-2.764;0.951
84;7/6/2021 18:49;South_SKM001;0.139;0;-2.738;0.94;5/6/2021 00:00;42165957.89;0.000246;0.131239;91.465469;329.403015;105.315606;533.9549045;2.425;7/6/2021 20:00;42165853.35;0.000317;0.086109;88.635084;322.750359;57.576531;0.044;0.017;-2.742;0.941
85;25/6/2021 18:07;South_SKM001;0.152;0;-2.993;0.94;22/6/2021 17:00;42166985.86;0.000374;0.131301;89.391584;344.08692;5.160722;530.7304852;2.649;25/6/2021 19:00;42167503.75;0.000378;0.093083;83.62053;359.198253;28.854901;0.053;0.009;-2.998;0.942
86;21/7/2021 17:00;South_SKM001;0.214;0;-4.217;0.94;18/7/2021 17:00;42165289.27;0.000286;0.154783;94.028438;5.262682;4.971786;526.1848847;3.736;21/7/2021 18:00;42166952.05;0.000356;0.093266;81.069027;22.529511;18.65925;0.218;0.006;-4.236;0.944
87;19/8/2021 15:33;South_SKM000;0.22;0;-4.339;0.94;14/8/2021 01:00;42164979.78;0.000283;0.149248;96.732438;37.576519;115.876959;521.5347338;3.831;19/8/2021 17:00;42166715.32;0.000352;0.095066;80.19792;49.839452;5.762109;0.044;0.007;-4.35;0.942
88;29/9/2021 11:50;South_SKM000;0.209;0;-4.11;0.94;26/9/2021 17:00;42165624.7;0.000254;0.159356;93.906214;82.043947;357.304041;517.0639013;3.654;29/9/2021 13:00;42166074.62;0.00024;0.091241;88.454494;77.595447;309.991652;0.095;-0.053;-4.155;0.95
89;5/11/2021 08:07;South_SKM000;0.21;0;-4.127;0.94;2/11/2021 17:00;42166748.36;0.000287;0.157241;89.202177;116.658668;3.846594;512.5944916;3.647;5/11/2021 09:00;42165313.41;0.000126;0.085953;94.484335;119.310868;238.543442;0.076;-0.003;-4.155;0.946
90;3/12/2021 06:44;South_SKM001;0.213;0;-4.199;0.94;30/11/2021 17:00;42166128.41;0.000244;0.157088;89.778463;159.405767;348.14016;528.0088397;3.72;3/12/2021 08:00;42165498.34;0.000163;0.086269;89.848424;191.759146;183.301846;0.069;-0.009;-4.213;0.943
91;27/12/2021 05:50;South_SKM001;0.216;0;-4.248;0.92;24/12/2021 17:00;42164950.5;0.000283;0.162347;91.570934;196.597166;332.802454;503.537166;3.793;27/12/2021 07:00;42164418.72;0.000266;0.086753;89.496762;202.415609;181.608934;0.064;-0.019;-4.337;0.939
92;21/1/2022 04:57;South_SKM001;0.215;0;-4.232;0.94;18/1/2022 17:00;42166692.31;0.000364;0.16286;93.558499;210.024576;342.032929;499.1050194;3.67;21/1/2022 07:00;42166613.06;0.000244;0.094782;86.155247;216.902608;195.09833;0.056;-0.019;-4.204;0.934
93;15/2/2022 03:48;South_SKM001;0.186;0;-3.662;0.94;12/2/2022 17:00;42166503.03;0.000366;0.151396;94.619437;223.763079;351.872782;495.3408819;3.136;15/2/2022 05:00;42166911.12;0.000243;0.098667;83.587513;244.906215;164.226335;0.036;-0.014;-3.6;0.924
94;25/3/2022 00:13;South_SKM000;0.207;0;-4.069;0.94;22/3/2022 17:00;42165306.63;0.000303;0.1591;94.545635;270.426641;342.731354;490.668495;3.458;25/3/2022 02:00;42165615.92;0.00028;0.09396;89.380659;279.382517;116.280538;0.034;-0.014;-3.975;0.918
95;29/4/2022 20:38;South_SKM000;0.202;0;-3.984;0.94;26/4/2022 01:00;42165628.77;0.000225;0.161617;89.725259;297.935042;113.856166;486.0142636;3.397;29/4/2022 22:00;42164300.24;0.000306;0.093401;96.302542;275.192965;88.84574;0.084;-0.002;-3.912;0.923
96;27/5/2022 19:07;South_SKM001;0.21;0;-4.128;0.94;25/5/2022 10:00;42165086.11;0.000272;0.163719;90.049871;313.001973;262.449677;481.3072945;3.484;27/5/2022 20:00;42166242.8;0.000305;0.093111;92.155457;304.36165;61.349175;0.072;0.023;-4.02;0.915
97;20/6/2022 18:06;South_SKM001;0.214;0;-4.208;0.94;18/6/2022 10:00;42166616.79;0.000242;0.16826;90.253378;334.598812;264.308339;476.4646305;3.531;20/6/2022 19:00;42165752.37;0.000267;0.097085;90.586638;351.554033;24.361832;0.072;-0.006;-4.081;0.912
98;15/7/2022 17:13;South_SKM001;0.215;0;-4.231;0.94;11/7/2022 13:00;42165044.68;0.000325;0.156616;91.12049;15.553343;290.244085;471.6282901;3.547;15/7/2022 18:00;42166661.2;0.000351;0.103955;85.232838;31.36587;359.496968;0.057;0.013;-4.109;0.913
99;8/8/2022 16:04;South_SKM001;0.193;0;-3.804;0.94;3/8/2022 17:00;42164982.4;0.00026;0.148345;94.917563;31.599892;353.268127;467.3468578;3.17;8/8/2022 20:00;42165526.82;0.000305;0.100643;81.76998;40.65195;47.404936;0.04;0.01;-3.679;0.909
100;9/9/2022 13:35;South_SKM000;0.21;0;-4.124;0.93;6/9/2022 19:00;42165154.13;0.000306;0.166374;94.369971;47.308614;41.688465;462.5614214;3.508;9/9/2022 15:00;42165860;0.00032;0.099179;90.448109;63.698187;332.024897;0.025;-0.007;-4.079;0.92
101;21/10/2022 09:22;South_SKM000;0.214;0;-4.216;0.93;18/10/2022 17:00;42165326.5;0.000253;0.172147;90.014727;105.497752;359.171339;457.6876708;3.557;21/10/2022 10:00;42164443.52;0.000215;0.100659;97.094153;111.954835;243.309591;0.078;-0.005;-4.143;0.914
102;18/11/2022 07:19;South_SKM001;0.197;0;-3.882;0.92;15/11/2022 11:00;42166195.49;0.000213;0.162488;88.108731;135.511184;268.439883;453.2029723;3.302;18/11/2022 09:00;42164972.37;0.000218;0.098127;96.173827;147.984099;220.772792;0.067;-0.009;-3.854;0.913
103;13/12/2022 06:17;South_SKM001;0.214;0;-4.214;0.92;10/12/2022 19:00;42166685.09;0.00032;0.16873;88.302997;179.598343;9.108638;448.3978395;3.603;13/12/2022 08:00;42166180.86;0.000218;0.099827;90.376918;175.126515;209.012283;0.067;-0.016;-4.213;0.92
104;5/1/2023 05:27;South_SKM001;0.211;0;-4.144;0.92;2/1/2023 20:00;42164938.48;0.000297;0.163466;91.447038;192.480775;30.770591;443.6933417;3.372;5/1/2023 07:00;42165849.75;0.000243;0.101326;85.742195;212.028091;184.357738;0.05;-0.017;-3.951;0.877
105;20/1/2023 05:21;South_SKM001;0.134;0;-2.638;0.92;17/1/2023 17:00;42166177.97;0.00029;0.133438;92.123085;209.195085;343.074822;440.7221865;2.223;20/1/2023 07:00;42166516.08;0.000224;0.102255;82.452002;240.655866;173.822582;0.036;-0.012;-2.609;0.91
106;17/2/2023 03:24;South_SKM000;0.209;0;-4.112;0.93;14/2/2023 17:00;42165242.58;0.000298;0.163163;94.493332;233.283997;344.194452;436.1015343;3.278;17/2/2023 05:00;42166436.28;0.000246;0.107992;82.963725;261.58745;149.887704;0.024;-0.011;-3.853;0.871
107;24/3/2023 23:58;South_SKM000;0.207;0;-4.084;0.93;21/3/2023 17:00;42167075.6;0.000382;0.169917;95.0558;259.795889;351.612562;431.4240699;3.472;25/3/2023 01:00;42164263.03;0.000343;0.096079;92.882375;254.675181;122.187533;0.048;-0.011;-4.089;0.931
108;28/4/2023 20:35;South_SKM000;0.193;0;-3.802;0.93;26/4/2023 01:00;42165557.03;0.000274;0.165193;87.159584;289.367983;124.769032;427.0285692;3.115;28/4/2023 23:00;42165745.6;0.000276;0.105914;93.720129;282.568563;97.887189;0.082;-0.004;-3.675;0.899
109;26/5/2023 19:00;South_SKM001;0.219;0;-4.304;0.93;24/5/2023 09:00;42166271.59;0.000218;0.175047;86.848101;303.961362;258.409303;422.1280653;3.546;26/5/2023 20:00;42166275.52;0.000276;0.104598;92.49573;317.357982;46.791558;0.086;0.024;-4.2;0.907
110;19/6/2023 18:05;South_SKM001;0.212;0;-4.168;0.93;13/6/2023 13:00;42166035.19;0.000278;0.155094;91.092219;337.611275;300.3717;417.3857995;3.421;19/6/2023 19:00;42167232.31;0.000305;0.104402;86.579415;356.029191;22.650438;0.083;0.016;-4.051;0.904
111;13/7/2023 17:03;South_SKM001;0.215;0;-4.234;0.93;8/7/2023 13:00;42165443.79;0.000237;0.164714;93.260756;9.012439;291.448796;412.5884803;3.565;13/7/2023 18:00;42166276.84;0.000271;0.099344;86.460652;18.752018;8.650939;0.072;0.016;-4.231;0.929
112;9/8/2023 15:54;South_SKM001;0.222;0;-4.366;0.93;6/8/2023 17:00;42164707.36;0.000248;0.17165;96.378697;48.219392;337.880027;407.6678966;3.626;9/8/2023 17:00;42165562.97;0.000239;0.102382;84.240976;51.031245;350.168453;0.056;0.012;-4.312;0.919
113;12/9/2023 13:13;South_SKM000;0.211;0;-4.161;0.93;9/9/2023 18:12;42165656.48;0.000267;0.175085;93.999612;71.290031;8.75712;402.9082473;3.449;12/9/2023 15:00;42166504.56;0.000288;0.105953;90.636092;78.122667;320.11592;0.03;-0.006;-4.11;0.919
114;20/10/2023 09:19;South_SKM000;0.196;0;-3.854;0.93;17/10/2023 17:00;42165990.94;0.000291;0.164159;89.004947;112.152579;352.282929;398.4950046;3.229;20/10/2023 11:00;42165899.02;0.000202;0.1039;92.004788;97.756186;276.391324;0.08;-0.005;-3.856;0.93
115;18/11/2023 07:10;South_SKM001;0.209;0;-4.119;0.93;15/11/2023 17:00;42166164.24;0.000296;0.16788;85.520823;149.918256;346.583901;393.8212338;3.461;18/11/2023 08:00;42166256.99;0.000193;0.106683;92.222108;137.478133;219.912326;0.221;-0.005;-4.134;0.933
116;12/12/2023 06:14;South_SKM001;0.206;0;-4.06;0.93;9/12/2023 17:00;42166388.26;0.000303;0.166141;89.465672;164.767986;351.428242;389.2714473;3.307;12/12/2023 07:00;42166218.18;0.000188;0.102436;88.120961;187.513208;182.576554;0.068;-0.014;-3.964;0.908
